<schema xmlns:xsi="http://www.w3.org/2001/XMLSchema-instance"
        xsi:noNamespaceSchemaLocation="urn:magento:framework:Setup/Declaration/Schema/etc/schema.xsd">
    <table name="learn_adminarea">
        <column xsi:type="int" name="id" padding="10" unsigned="true" nullable="false" comment="Id"/>
        <column xsi:type="varchar" name="name" nullable="false" length="255" comment="Name"/>
        <column xsi:type="varchar" name="email"  comment="Email"/>
        <column xsi:type="varchar" name="comment" nullable="true" comment="Comment"/>
        <constraint xsi:type="primary" referenceId="PRIMARY">
            <column name="id"/>
        </constraint>
    </table>
</schema>